,sim_id,$\eta$,$\omega$,$D_r$
0,0,0.0,1.8760178138814254,1.7251040589376772
0,1,0.0,1.8469841051651126,1.684217031723665
0,2,0.0,1.8469841051651126,1.685991407106606
0,3,1.0,1.8469841051651126,1.240312472405878
0,4,1.0,1.9059983650654093,1.3307280219177833
0,5,1.0,1.8469841051651126,1.4842634143732758
0,6,2.0,1.8525260775021106,1.0574968764239052
0,7,2.0,1.8907479113541084,1.0488128456133756
0,8,2.0,1.8760174666713199,1.1613206856185851
